address,REGION,PRENOM,SIRET,LIBELE_NAF,TELEPHONE,RAISON_SOCIALE,CIVILITE,CODE POSTALE,APE,NOM,CODE_NAF,email,SIREN,PAYS
,,,443 169 524 00120,0111z,146773218,Société dupont,,,6201z,,0111z,dupont@gmail.com,732829320,
,,,443.169.524.00120,01.11z,02 85 78 45 21,S’ociété,,,62.01z,,01.11z,oyete @gmail.com,732829320111,
,,,443 169 524 GH780,"01,11z",585785478,Imagin&tiff_,,,"62,01z",,"01,11z",imaginôs31@gmail.com,73289,
,,,4ZT 169 524 00120,01011z,712587469,imagin//,,,62011z,,01011z,imagin''31@gmail.com,ABCDE7328F29320,
,,,4b169524R00120,1111,07 85 78 45 21b,,,,62011,,1111,abeille@gmail.com,732-8293-20,
,,,443-73-421-00395,011z,33068523697454,A,,,620z,,011z,@gmail.com,732 8293 2,
,,Jean,44240304900234,,330685236974,JEANDUPONT,MONSIEUR,,7593,DUPONT,01C,jeandupgmail.com,95048,
,,Anne-Marie,4950391,0,06.58.96.32.47,Straße,MME,,94Z,PETIT JEAN,04-54B,strasse@g.com,950483272911,
,,Anne Marie,10849,0596G,06-58-96a32’47,漢字,MADAME,,6205Z,DEVID,0596G,Lucas31@siapartnersrue(XXXX....XXXX).com,732829396,
,,Elie,,,,,MR,,,UIU,,éli@,,
,,Amélie,,,,,M,,,K’HIM,,amel@gmail.c-om,,
,,Benoît,,,,,M,,,A,,bento@.gmail.com,,
,,Uïû,,,,,MR. ,,,CARRE ET LAGRAVE,,lagrave@gmail.,,
,,A,,,,,,,,SEBASTIEN ET PASCAL,,pascalou@gmail..com,,
,,Pascal,,,,,MONSIEUR,,,SEBASTIEN ET PASCAL,,pescadore@gmail.c-om,,
,,Sébastien,,,,,MR,,,SEBASTIEN ET PASCAL,,lucas31@gmail.f,,
,,Louca,,,,,MR.,,,CARRE ET LAGRAVE,,lucas31@gmail.commmee,,
,,Alexandre,,,,,MM,,,CARRE,,,,
,,Sven,,,,,Docteur,,,BRØGGER,,,,
,,,44356652400120,0111z,146773218,HECTOR,,,4705BB,,d0111,hector@gmail.com,948503°2,
,,,44.7669-524..00120,01.11z,02 85 78 45 21,villiers,,,83.04,,0.111B,villiers@gmail.com,849504839-,
,,,443 169 524 GH780,"01,11z",585785478,édouardservices,,,62-08,,012;1z,édouard@gmail.com,103948TIFF,
,,,490 169 524 00G120,01011z,712587469,ed'GAR,,,Z4058,,010116èz,ed'gar31@gmail.com,84-499-3999,
,,,504859489O9585,8648,07 85 78 45 21b,B,,,58B(,,8648,b@Gmail..com,732-8293-20,
,,,443/73/421/00395,011z,33068523697454,VECCHIA/,,,8ZZ,,01s1,@gmail.com,732 8293 6,
,,Jean,43200940304567,01C,330685236974,Ve&ccio,MONSIEUR,,5840G,DUPONT,01C,veccioatgmail.com,95048è,
,,Anne-Marie,5968,0,06.58.65.32.47,Brøgger,MME,,9Z8,PETIT JEAN,04-54B,brogger@g.com,950483272911(espace),
,,Anne Marie,58402é!,,06-58-96a32’47,michel_druk,MADAME,,O94L,DEVID,,michel@siapartnersrue(XXXX....XXXX).com,732 829-396,
,,Elie,,,,,MR,,,UIU,,éli@,,
,,O,,,,,M,,,K’HIM,,amel@gmail.c-om,,
,,To,,,,,M,,,BEN,,bento@.gmail.com,,
,,H-An,,,,,MR. ,,,BURG ET ER,,lagrave@gmail.,,
,,A,,,,,Mme,,,EMELINE ET MARIE SOPHIE,,em&ms@gmail..com,,
,,Pascalou,,,,,MONSIEUR,,,EDGARD,,pascale@gmail.coomeeee,,
,,Sébastien,,,,,MR,,,GENOIT,,lucas31@gmail.f,,
,,Louca,,,,,MR.,,,PE TIT,,pt'i@gmail.commmee,,
,,Alexandre,,,,,MM,,,CARRE,,,,
,,Sven,,,,,Docteur,,,LAG ET RAV,,,,
,,,443 169 524 00120,9584z,146773218,BOUCHERIE LEVIS,,,6201z,,0111z,dupont@gmail.com,732829320,
,,,443.169.524.00120,0222.z,02 85 78 45 21,TIGERMilk,,,62.01z,,01.11z,oyete @gmail.com,732829320111,
,,,8594 859 740 GH780,"01,11z",585785478,"""vanescènce",,,"62,01z",,"01,11z",imaginôs31@gmail.com,73289,
,,,4ZT 169 524 00120,01011z,712587469,"ED""BANGER",,,62011z,,01011z,imagin''31@gmail.com,ABCDE7328F29320,
,,,4b169524R00120,1111,07 85 78 45 21b,B,,,62011,,1111,abeille@gmail.com,732-8293-20,
,,,443-73-421-00395,011z,33068523697454,//MONEYY//,,,620z,,011z,@gmail.com,732 8293 2,
,,Jean,44240304900234,,330685236974,Paul&JO,M.,,7593,DUPONT,01C,jeandupgm-ail.com,95048,
,,Marie-Sophie,4950391,0,06.58.96.32.47,HecøTOR,MME,,94Z,PETIT JEAN,04-54B,petitjean.@gmail.com,950483272911,
,,Anne,10849,,06-58-96a32’47,annagirardot,MADAME,,6205Z,A,,Anna@siapartnersrue(XXXX....XXXX).com,732829396,
,,Hélène,,,1057,,MM,,,MERE,,hélène@,,
,,Amélie,,,3937,,MAD,,,CARRE,,amélie@gmail.c-om,,
,,Benoît,,,118456,,M(espace),,,GENUT,,benoît@.gmail.com,,
,,Uïû,,,294859405849584,,MR. ,,,PETIT JEAN,,Petit-Jean@gmail.,,
,,A,,,081 6 75 57 98 ,,MADEMOIZELLE,,,CARLE,,aa@gmail..com,,
,,Pépère,,,06 46 73 84 93,,MONSIEUR,,,CARLES,,pep@gmail.c-om,,
,,Maëva,,,0174933048,,MISS,,,PETITANGE,,maëva@gmail.f,,
,,Paul,,,958601729,,M.MME,,,GRAMAT ET DAGANT,,lucas31@gmail.commmee,,
,,Didier Adeline,,,06.04.06.38.48.29,,MR & MME,,,MBAPPE,,mbappé@gmail.-fr,,
,,Kyky,,,"06.""é/940592",,MONSIEURR,,,N'GOLO,,kyky@gmail,,
